{
    "train_loss": [
        0.9993923573658384,
        0.7121541685071485,
        0.5853092454630753,
        0.5369973275168188,
        0.4299589184851482
    ],
    "train_acc": [
        0.5,
        0.8362068965517241,
        0.853448275862069,
        0.8362068965517241,
        0.8922413793103449
    ],
    "test_loss": [
        0.8251738607883453,
        0.7167232275009155,
        0.6257798790931701,
        0.5956535905599594,
        0.5173144102096557
    ],
    "test_acc": [
        0.8625,
        0.9,
        0.925,
        0.8166666686534881,
        0.925
    ]
}