{
    "train_loss": [
        0.579384305336078,
        0.3563592429757118,
        0.3188735999027888,
        0.29844368681112926,
        0.2857146902322769,
        0.2775723743716876,
        0.2681485022455454,
        0.26064126521945,
        0.2539261752376954,
        0.2500707364797592,
        0.2447474099273483,
        0.24177227605084578,
        0.23888424649288256,
        0.236403369491299,
        0.2325156642148892,
        0.23103494161417087,
        0.2267731843019525,
        0.22762361431221168,
        0.22428965783466895,
        0.2218912478943666
    ],
    "train_acc": [
        0.7891166666666667,
        0.86925,
        0.8850666666666667,
        0.8911333333333333,
        0.8956833333333334,
        0.8989,
        0.9024,
        0.9054,
        0.9071833333333333,
        0.9085166666666666,
        0.9112833333333333,
        0.9122333333333333,
        0.9135,
        0.9124833333333333,
        0.9152833333333333,
        0.9155166666666666,
        0.9169,
        0.9170833333333334,
        0.9177333333333333,
        0.9185333333333333
    ],
    "test_loss": [
        0.4002791666946472,
        0.3671106612577606,
        0.3238355550593652,
        0.32461847029269314,
        0.31685749352121123,
        0.2976791149915788,
        0.3020897508143617,
        0.2975530467998867,
        0.2829079628942874,
        0.2921066398199755,
        0.2988621458506432,
        0.28702412747417966,
        0.27941051085952656,
        0.2752193685430593,
        0.292903673231078,
        0.2771476740672137,
        0.3061262143793674,
        0.28050071239983215,
        0.28134518122663515,
        0.2755162784913049
    ],
    "test_acc": [
        0.8516373801916933,
        0.8667132587859425,
        0.8785942492012779,
        0.8840854632587859,
        0.8851837060702875,
        0.893270766773163,
        0.8870806709265175,
        0.8949680511182109,
        0.8993610223642172,
        0.8980630990415336,
        0.896964856230032,
        0.8944688498402555,
        0.9015575079872205,
        0.9011581469648562,
        0.9002595846645367,
        0.9024560702875399,
        0.889576677316294,
        0.8995607028753994,
        0.8979632587859425,
        0.8992611821086262
    ]
}