{
    "train_loss": [
        0.589124270717303,
        0.47713879422744115,
        0.4540424482981364,
        0.44192321935892104,
        0.43481173580884935,
        0.43095149031877517,
        0.4259814172585805,
        0.4217638057430585,
        0.4201768912116686,
        0.41722720674276353,
        0.41451272177298865,
        0.4142316926240921,
        0.4113943253537019,
        0.4091526990175247,
        0.40840542434453964,
        0.4069091498374939,
        0.4044326049764951,
        0.4049304696718852,
        0.40357402794361114,
        0.4039193039258321
    ],
    "train_acc": [
        0.7925,
        0.8320666666666666,
        0.8405833333333333,
        0.8449166666666666,
        0.84815,
        0.8473833333333334,
        0.8518333333333333,
        0.8510166666666666,
        0.8512833333333333,
        0.8547333333333333,
        0.8535333333333334,
        0.8541666666666666,
        0.855,
        0.8560166666666666,
        0.8561333333333333,
        0.8564666666666667,
        0.8581,
        0.8578333333333333,
        0.8577,
        0.8573166666666666
    ],
    "test_loss": [
        0.532701957816133,
        0.6142310083102875,
        0.47748998569223444,
        0.4599857152270052,
        0.4755708271512589,
        0.45505200795377027,
        0.46214440679207397,
        0.45409941744690124,
        0.4754930235707341,
        0.4441865625472876,
        0.45355272083617626,
        0.4792512932334083,
        0.45144011413517854,
        0.4693387125294429,
        0.45999728605008355,
        0.5010882862174092,
        0.5141562926597869,
        0.4724307372547186,
        0.4608698834578831,
        0.4503945317892983
    ],
    "test_acc": [
        0.8170926517571885,
        0.7871405750798722,
        0.832667731629393,
        0.8374600638977636,
        0.8324680511182109,
        0.8399560702875399,
        0.8350638977635783,
        0.8402555910543131,
        0.8346645367412141,
        0.8407547923322684,
        0.8366613418530351,
        0.8232827476038339,
        0.8379592651757188,
        0.8376597444089456,
        0.838258785942492,
        0.8274760383386581,
        0.8262779552715654,
        0.8347643769968051,
        0.8394568690095847,
        0.8403554313099042
    ]
}