{
    "train_loss": [
        1.017575334495222,
        0.8732618001145376,
        0.8102524095857647,
        0.7991165250120028,
        0.7505990191244744,
        0.7054524006138385,
        0.7160369858775341,
        0.660800469593263,
        0.6209026902494296,
        0.6061654720507877,
        0.5908272115277572,
        0.5455653449179421,
        0.5259248356164341,
        0.5174844097083723,
        0.47920468932306265,
        0.47540446612196907,
        0.4340066429175122,
        0.40472468828231517,
        0.41271601008697295,
        0.3918787478141382,
        0.37491768472631215,
        0.35442729556644464,
        0.3242617438376789,
        0.3268252130545361,
        0.2587598947362161,
        0.2575398738115606,
        0.24831165677644837,
        0.25018334115894747,
        0.27052425068448965,
        0.2758655180813561,
        0.2551471480811146,
        0.1930572226328749,
        0.191443859796289,
        0.18781125041800487,
        0.18286643439615277,
        0.18810029915520843,
        0.23467034967222683,
        0.17192837249645046,
        0.18492400782628798,
        0.141499184150721
    ],
    "train_acc": [
        0.5338908450704225,
        0.615845070758336,
        0.6338908454062233,
        0.6573063378602686,
        0.6731514082828038,
        0.709595070758336,
        0.6911091552653783,
        0.7238556339707173,
        0.7479753519447756,
        0.7602992956067475,
        0.7493838029848018,
        0.777464788564494,
        0.7866197186456599,
        0.784330985915493,
        0.8032570422535211,
        0.8018485912134949,
        0.8247359151571569,
        0.8345070422535211,
        0.8294014082828038,
        0.8538732394366197,
        0.8343309860833934,
        0.8515845067064527,
        0.861267605298002,
        0.8644366197183099,
        0.8973591545937767,
        0.8961267605633803,
        0.8929577461430724,
        0.8999119719988863,
        0.8883802815222405,
        0.8851232394366197,
        0.9004401405092696,
        0.9205985917171962,
        0.9268485912134949,
        0.9247359154929577,
        0.9242077461430724,
        0.9236795776326892,
        0.9083626757205372,
        0.9312499996641992,
        0.9163732394366197,
        0.940580985915493
    ],
    "test_loss": [
        0.8747764105598131,
        0.7439491587380568,
        0.7220482329527537,
        0.7659487028916677,
        0.68181923776865,
        0.6420372960468134,
        0.682569575185577,
        0.5580708061655363,
        0.7340056324998537,
        0.7226530089974403,
        0.5231245259443918,
        0.9044760448547701,
        0.7309331353753805,
        0.4948252458125353,
        0.7896568927293023,
        0.5116317390153805,
        0.7320088463214537,
        0.5123102888464928,
        0.678462096179525,
        0.4764001661290725,
        0.5965718266864618,
        0.5557566986729702,
        0.6713007527093092,
        0.5362683984761437,
        0.548347022694846,
        0.8400682879922291,
        0.7079128765811523,
        0.7847861618793104,
        0.7937015329177181,
        0.7872554324567318,
        0.7073529406140248,
        0.6426199246197939,
        0.6196718905121088,
        0.6173800099641085,
        1.0923051834106445,
        0.9993206836904088,
        0.80493586564747,
        0.8550589410588145,
        0.9546232688395927,
        0.8257051259279251
    ],
    "test_acc": [
        0.5424107139309248,
        0.6815476194024086,
        0.6809895833333334,
        0.6752232139309248,
        0.7354910721381506,
        0.7300967251261076,
        0.69921875,
        0.7978050584594408,
        0.6783854166666666,
        0.7131696417927742,
        0.7952008917927742,
        0.6573660715172688,
        0.7206101194024086,
        0.8108258917927742,
        0.7174479166666666,
        0.8303571417927742,
        0.7213541666666666,
        0.8238467251261076,
        0.7416294639309248,
        0.8091517860690752,
        0.7935267860690752,
        0.8165922611951828,
        0.800037202735742,
        0.8138020833333334,
        0.8333333333333334,
        0.7840401778618494,
        0.8002232139309248,
        0.7708333333333334,
        0.7665550584594408,
        0.7899925584594408,
        0.7925967251261076,
        0.8260788694024086,
        0.8147321417927742,
        0.8147321417927742,
        0.75,
        0.7473958333333334,
        0.7925967251261076,
        0.7914806554714838,
        0.7974330360690752,
        0.8244047611951828
    ]
}